sample_set,variant,method,seed_count,sample_count_per_seed,MAE_mean,MAE_std,MSE_mean,MSE_std,regret_to_oracle_mean,regret_to_oracle_std,oracle_label_accuracy_mean,oracle_label_accuracy_std,weight_entropy_mean,weight_entropy_std,normalized_weight_entropy_mean,normalized_weight_entropy_std,mean_max_weight_mean,mean_max_weight_std
pilot_test,spatial_panel_3view,spatial_panel_3view_raw_soft_fusion,3,75000,0.41355815497163473,0.0022087742458668323,182.77116559596718,0.0928824880123691,0.07327323095887356,0.002208774245866782,0.5217333333333333,0.15807495999612897,1.105016154730193,0.005120987932271909,0.6865851306029279,0.0031818507921096634,0.5181608035686943,0.010963176761505568
pilot_test,spatial_panel_3view,spatial_panel_3view_hard_top1,3,75000,0.42847866247945765,0.002478709719017109,182.95753274020694,0.1726045155927364,0.08819373846669654,0.002478709719017148,0.5217333333333333,0.15807495999612897,1.105016154730193,0.005120987932271909,0.6865851306029279,0.0031818507921096634,0.5181608035686943,0.010963176761505568
