sample_set,variant,calibration_method,temperature,entropy_alpha,seed_count,sample_count_per_seed,MAE_mean,MAE_std,MSE_mean,MSE_std,regret_to_oracle_mean,regret_to_oracle_std,oracle_label_accuracy_mean,oracle_label_accuracy_std,weight_entropy_mean,weight_entropy_std,normalized_weight_entropy_mean,normalized_weight_entropy_std,mean_max_weight_mean,mean_max_weight_std
pilot_test,cls_mean_concat_plus_aux,power_temperature_T0p85,0.85,0.0,3,75000,0.45260113430868026,0.03939578350535819,245.47862293680137,67.97981786842756,0.11231621029591914,0.03939578350535812,0.43236,0.1540347914523786,1.0461880415906724,0.005154955974744839,0.650033178358789,0.003202954233225694,0.5517021218935648,0.008793470672211411
pilot_test,film_cls_mean_concat_aux,power_temperature_T0p85,0.85,0.0,3,75000,0.41925908774070025,0.0018336535552091735,183.47810415155368,0.14689086073104074,0.078974163727939,0.001833653555209146,0.42661777777777776,0.1588052645829453,1.0481485022425001,0.03699181983306412,0.6512512810495991,0.022984309955217868,0.5472187995910645,0.010875969602016054
pilot_test,film_mean_patch_aux,power_temperature_T0p85,0.85,0.0,3,75000,0.4175359229192325,0.0006690534134113538,183.36908559194532,0.1478357957055576,0.07725099890647133,0.0006690534134113429,0.51556,0.15322965944402978,1.0566586500825779,0.006225596705833953,0.6565389332009063,0.0038681807218138983,0.5441511472066244,0.01400767496501102
pilot_test,visual_cls_mean_concat,power_temperature_T0p85,0.85,0.0,3,75000,0.44157694111506035,0.022351131001676617,247.8446525696846,98.7848882705932,0.10129201710229928,0.022351131001676582,0.5173288888888888,0.17131373497940144,1.0522356381135307,0.023776443335921785,0.653790761348562,0.014773134864185286,0.5576277375221252,0.021660918465868016
