sample_set,variant,calibration_method,temperature,entropy_alpha,seed_count,sample_count_per_seed,MAE_mean,MAE_std,MSE_mean,MSE_std,regret_to_oracle_mean,regret_to_oracle_std,oracle_label_accuracy_mean,oracle_label_accuracy_std,weight_entropy_mean,weight_entropy_std,normalized_weight_entropy_mean,normalized_weight_entropy_std,mean_max_weight_mean,mean_max_weight_std
diagnostic_balanced,cls_mean_concat_plus_aux,power_temperature_T0p85,0.85,0.0,3,20000,0.3469142964118656,0.0011892838404618802,1.376983037422152,0.032044452324670826,0.041424053607189065,0.001189283840461896,0.4118,0.07389533138162382,0.9638603495196981,0.018344437906632517,0.5988801071934261,0.011398040126250397,0.5881621440251669,0.0064299184781661835
diagnostic_balanced,film_cls_mean_concat_aux,power_temperature_T0p85,0.85,0.0,3,20000,0.3471471524460199,0.004753697099699534,1.4107322516341156,0.0038829251407644047,0.04165690964134347,0.004753697099699488,0.40070000000000006,0.10013225004962185,0.978808357798641,0.03857135745308753,0.6081678269392198,0.023965731858989526,0.58094322681427,0.018201136271340405
diagnostic_balanced,film_mean_patch_aux,power_temperature_T0p85,0.85,0.0,3,20000,0.3462428156443269,0.001445424224027305,1.3980983318564812,0.010706317083966728,0.040752572839650364,0.001445424224027291,0.45395,0.0736450269875706,0.9889203321674626,0.022740489209092003,0.6144507498719399,0.014129460374584726,0.5762189825375875,0.009160583234323049
diagnostic_balanced,visual_cls_mean_concat,power_temperature_T0p85,0.85,0.0,3,20000,0.3486573139787364,0.008723180716521,1.3666692071766322,0.024705482832507054,0.04316707117405997,0.00872318071652099,0.4610666666666667,0.10514623546914713,0.9623579522694619,0.023887457301201117,0.5979466152962681,0.014842111719037336,0.5942698121070862,0.009056825009633084
