sample_set,variant,calibration_method,temperature,entropy_alpha,seed_count,sample_count_per_seed,MAE_mean,MAE_std,MSE_mean,MSE_std,regret_to_oracle_mean,regret_to_oracle_std,oracle_label_accuracy_mean,oracle_label_accuracy_std,weight_entropy_mean,weight_entropy_std,normalized_weight_entropy_mean,normalized_weight_entropy_std,mean_max_weight_mean,mean_max_weight_std
pilot_selection,cls_mean_concat_plus_aux,power_temperature_T0p85,0.85,0.0,3,30000,0.30040384860781183,0.0010731850088433682,1.2144169001823597,0.06243761374537558,0.033672644975753264,0.001073185008843308,0.4679111111111111,0.1465579154893812,1.0534828640056302,0.01671296303038044,0.6545657063666106,0.010384347790778525,0.5443426569302877,0.007805516698177293
pilot_selection,film_cls_mean_concat_aux,power_temperature_T0p85,0.85,0.0,3,30000,0.3002237131836496,0.0011385739399706553,1.3156959195610727,0.1681497111799732,0.03349250955159103,0.0011385739399706653,0.4653777777777777,0.1479154650968411,1.0667785526169193,0.030556891220860645,0.662826782179831,0.01898606400705872,0.5359596610069275,0.014004258927710478
pilot_selection,film_mean_patch_aux,power_temperature_T0p85,0.85,0.0,3,30000,0.30022966664635126,0.0008573521146741424,1.2953891780877798,0.163048366096302,0.033498463014292636,0.0008573521146741106,0.5521666666666666,0.14849245023831278,1.0723075244148763,0.02143532466422216,0.6662621255100966,0.013318516047508586,0.5328354239463806,0.006218163061462824
pilot_selection,visual_cls_mean_concat,power_temperature_T0p85,0.85,0.0,3,30000,0.3019597439751735,0.0041368942730677875,1.2327737521543742,0.1334882982717214,0.035228540343114866,0.004136894273067802,0.5498777777777778,0.15990678303079975,1.0448567924613839,0.024372380819277988,0.64920602676816,0.01514341164140805,0.5578729510307312,0.013256425301841039
