sample_set,variant,method,seed_count,sample_count_per_seed,MAE_mean,MAE_std,MSE_mean,MSE_std,regret_to_oracle_mean,regret_to_oracle_std,oracle_label_accuracy_mean,oracle_label_accuracy_std,weight_entropy_mean,weight_entropy_std,normalized_weight_entropy_mean,normalized_weight_entropy_std,mean_max_weight_mean,mean_max_weight_std
round2_test_expanded,spatial_panel_3view,spatial_panel_3view_raw_soft_fusion,3,15000,0.3943355328734411,0.0023551058549402294,2.0085458891611467,0.03196869005961688,0.06954293420051295,0.002355105854940259,0.41782222222222226,0.15692778711996921,1.123550439120441,0.046253533033288906,0.698101125567602,0.028738929181175082,0.5344484060976241,0.04612350193108967
round2_test_expanded,top3fold_period_layout,top3fold_period_layout_raw_soft_fusion,3,15000,0.3992026627915107,0.0006989490780866417,2.0286464632774956,0.033796269562561904,0.07441006411858263,0.0006989490780866309,0.40597777777777777,0.16838606874723383,1.118131734258146,0.02517842266816549,0.6947342970722605,0.01564422908167968,0.5243996455950869,0.00848059405553705
round2_test_expanded,current_rgb_3view,current_rgb_3view_raw_soft_fusion,3,15000,0.3998692961502945,0.0014364705729848042,2.067996902587289,0.024884072772486845,0.07507669747736635,0.001436470572984798,0.5101111111111111,0.160803335141385,1.1439927612814316,0.01840425462805192,0.7108026574775631,0.011435208181244392,0.5077577007912928,0.01192800766249882
round2_test_expanded,spatial_panel_3view,spatial_panel_3view_hard_top1,3,15000,0.4096947954884083,0.002857368357411984,2.108045009351288,0.032389191811578275,0.08490219681548018,0.002857368357411957,0.41782222222222226,0.15692778711996921,1.123550439120441,0.046253533033288906,0.698101125567602,0.028738929181175082,0.5344484060976241,0.04612350193108967
round2_test_expanded,current_rgb_3view,current_rgb_3view_hard_top1,3,15000,0.4137079487514647,0.000289385389861503,2.159636500881987,0.07125749224207906,0.08891535007853653,0.00028938538986153853,0.5101111111111111,0.160803335141385,1.1439927612814316,0.01840425462805192,0.7108026574775631,0.011435208181244392,0.5077577007912928,0.01192800766249882
round2_test_expanded,top3fold_period_layout,top3fold_period_layout_hard_top1,3,15000,0.41450950734274356,0.002403035015365129,2.1296100989457045,0.0661200629973858,0.08971690866981546,0.0024030350153651254,0.40597777777777777,0.16838606874723383,1.118131734258146,0.02517842266816549,0.6947342970722605,0.01564422908167968,0.5243996455950869,0.00848059405553705
