sample_set,method,variant,seed_count,sample_count,hard_top1_MAE,hard_top1_MSE,hard_top1_regret_to_oracle,hard_top1_oracle_label_accuracy,raw_soft_fusion_MAE,raw_soft_fusion_MSE,raw_soft_fusion_regret_to_oracle,raw_soft_fusion_oracle_label_accuracy,weight_entropy,normalized_weight_entropy,mean_max_weight,MAE_std,MSE_std,regret_to_oracle_std,oracle_label_accuracy_std
pilot_test,cls_mean_concat_plus_aux_hard_top1,cls_mean_concat_plus_aux,3,75000,0.4673195251496339,245.62578100531164,0.1270346011368727,0.43236,,,,,1.1123453698185082,0.6911390226180009,0.5212591012748082,0.03880135430869447,67.80028742413342,0.03880135430869445,0.15403479145237858
pilot_test,cls_mean_concat_plus_aux_raw_soft_fusion,cls_mean_concat_plus_aux,3,75000,,,,,0.4529417645746718,245.4594745087435,0.11265684056191057,0.43236,1.1123453698185082,0.6911390226180009,0.5212591012748082,0.03944455985953535,67.97194477535922,0.039444559859535364,0.15403479145237858
pilot_test,round0_timefuse_hard_top1,,1,75000,0.5474324226661174,568.559824744805,0.2071474986533563,0.58724,,,,,0.7304382873762053,0.4538468183609244,0.701544363599817,0.0,0.0,0.0,0.0
pilot_test,round0_timefuse_raw_soft_fusion,,1,75000,,,,,0.5352202928627874,568.5024010523083,0.19493536885002627,0.58724,0.7304382873762053,0.4538468183609244,0.701544363599817,0.0,0.0,0.0,0.0
pilot_test,round0_original_visual_hard_top1,,1,75000,0.6649118643276657,596.4422881452274,0.3246269403149046,0.45796,,,,,1.2631019912559138,0.7848093930791086,0.45018880328297617,0.0,0.0,0.0,0.0
pilot_test,round0_original_visual_raw_soft_fusion,,1,75000,,,,,0.6030090914993991,510.97595197005967,0.26272416748663796,0.45796,1.2631019912559138,0.7848093930791086,0.45018880328297617,0.0,0.0,0.0,0.0
pilot_test,global_best_single,,1,75000,0.5997444264696841,,0.25945950245692295,0.12576,,,,,,,,0.0,0.0,0.0,0.0
pilot_test,oracle_top1,,1,75000,0.3402849240127611,,0.0,1.0,,,,,,,,0.0,0.0,0.0,0.0
