sample_set,layout_name,seed,sample_count,entropy,mean_max_weight,raw_soft_vs_hard_top1_MAE_gap,selected_ratio_DLinear,selected_ratio_PatchTST,selected_ratio_CrossFormer,selected_ratio_ES,selected_ratio_NaiveForecaster
staged_diagnostic,spatial_panel_3view,16,32,1.5326256304979324,0.3093945407308638,0.004457079092389932,0.0,0.65625,0.28125,0.0,0.0625
staged_selection,spatial_panel_3view,16,32,1.5132333859801292,0.3213737173937261,-0.002898710092267706,0.03125,0.59375,0.28125,0.0,0.09375
staged_test,spatial_panel_3view,16,32,1.4044895842671394,0.413858859334141,-0.00492587580811233,0.03125,0.59375,0.21875,0.03125,0.125
staged_diagnostic,current_rgb_3view,16,32,1.4847667068243027,0.3281758101657033,0.011931688452023095,0.125,0.34375,0.46875,0.0,0.0625
staged_selection,current_rgb_3view,16,32,1.4551996439695358,0.344454332254827,-0.006148373151518144,0.0625,0.125,0.5625,0.0,0.25
staged_test,current_rgb_3view,16,32,1.3397550471127033,0.42393436888232827,0.00481600273633373,0.03125,0.21875,0.71875,0.0,0.03125
