sample_set,variant,method,seed_count,sample_count_per_seed,MAE_mean,MAE_std,MSE_mean,MSE_std,regret_to_oracle_mean,regret_to_oracle_std,oracle_label_accuracy_mean,oracle_label_accuracy_std,weight_entropy_mean,weight_entropy_std,normalized_weight_entropy_mean,normalized_weight_entropy_std,mean_max_weight_mean,mean_max_weight_std
staged_test,current_rgb_3view,current_rgb_3view_hard_top1,1,32,0.0397280665347352,0.0,0.006060588986827,0.0,0.0064657648326829,0.0,0.21875,0.0,1.339755047112703,0.0,0.832436591386795,0.0,0.4239343688823282,0.0
staged_test,current_rgb_3view,current_rgb_3view_raw_soft_fusion,1,32,0.044544069271069,0.0,0.0067838644410471,0.0,0.0112817675690166,0.0,0.21875,0.0,1.339755047112703,0.0,0.832436591386795,0.0,0.4239343688823282,0.0
staged_test,spatial_panel_3view,spatial_panel_3view_raw_soft_fusion,1,32,0.046559851441998,0.0,0.007269344855274,0.0,0.0132975497399457,0.0,0.09375,0.0,1.4044895842671394,0.0,0.8726584203541279,0.0,0.413858859334141,0.0
staged_test,spatial_panel_3view,spatial_panel_3view_hard_top1,1,32,0.0514857272501103,0.0,0.0098463425023282,0.0,0.018223425548058,0.0,0.09375,0.0,1.4044895842671394,0.0,0.8726584203541279,0.0,0.413858859334141,0.0
