sample_set,variant,method,seed_count,sample_count_per_seed,MAE_mean,MAE_std,MSE_mean,MSE_std,regret_to_oracle_mean,regret_to_oracle_std,oracle_label_accuracy_mean,oracle_label_accuracy_std,weight_entropy_mean,weight_entropy_std,normalized_weight_entropy_mean,normalized_weight_entropy_std,mean_max_weight_mean,mean_max_weight_std
staged_diagnostic,current_rgb_3view,current_rgb_3view_hard_top1,1,32,0.0636780819186242,0.0,0.0101120275186161,0.0,0.0089110110711772,0.0,0.28125,0.0,1.484766706824303,0.0,0.92253740131855,0.0,0.3281758101657033,0.0
staged_diagnostic,spatial_panel_3view,spatial_panel_3view_hard_top1,1,32,0.0736912964493967,0.0,0.013298273246761,0.0,0.0189242256019497,0.0,0.1875,0.0,1.5326256304979324,0.0,0.9522738251835108,0.0,0.3093945407308638,0.0
staged_diagnostic,current_rgb_3view,current_rgb_3view_raw_soft_fusion,1,32,0.0756097703706473,0.0,0.011964918171202,0.0,0.0208426995232003,0.0,0.28125,0.0,1.484766706824303,0.0,0.92253740131855,0.0,0.3281758101657033,0.0
staged_diagnostic,spatial_panel_3view,spatial_panel_3view_raw_soft_fusion,1,32,0.0781483755417866,0.0,0.0125675353881007,0.0,0.0233813046943396,0.0,0.1875,0.0,1.5326256304979324,0.0,0.9522738251835108,0.0,0.3093945407308638,0.0
