sample_set,variant,method,seed_count,sample_count_per_seed,MAE_mean,MAE_std,MSE_mean,MSE_std,regret_to_oracle_mean,regret_to_oracle_std,oracle_label_accuracy_mean,oracle_label_accuracy_std,weight_entropy_mean,weight_entropy_std,normalized_weight_entropy_mean,normalized_weight_entropy_std,mean_max_weight_mean,mean_max_weight_std
round2_test_small,film_panel_lowrank_aux,film_panel_lowrank_aux_raw_soft_fusion,3,5000,0.3977608667866315,0.0018779979137347105,3.481280985000886,0.01532792554896655,0.06441194458827254,0.001877997913734648,0.5188,0.16219099851718036,1.1110448966279345,0.043628587847610714,0.6903309991236867,0.02710796111048514,0.5217089460452398,0.01785337006765548
round2_test_small,film_panel_gated_mean_aux,film_panel_gated_mean_aux_raw_soft_fusion,3,5000,0.3984127553148367,0.0005013433854995128,3.4797087838152723,0.01008699721997949,0.0650638331164778,0.0005013433854995176,0.5193333333333333,0.15825704828958911,1.1219415156044992,0.05012180116002179,0.6971014423568715,0.031142426188698353,0.521550623998046,0.0238082508352227
round2_test_small,film_mean_patch_aux,film_mean_patch_aux_raw_soft_fusion,3,5000,0.39859836171160584,0.0011611003566102114,3.4841016203730035,0.00906799198146792,0.065249439513247,0.001161100356610203,0.5186666666666667,0.16113998055520962,1.0869359855085974,0.03766259469353266,0.6753512865636392,0.02340108489552316,0.5490780872642994,0.012821048656714512
round2_test_small,film_panel_lowrank_aux,film_panel_lowrank_aux_hard_top1,3,5000,0.41119981515459564,0.00041955959768690324,3.572680626735316,0.007930087911671902,0.07785089295623664,0.0004195595976868722,0.5188,0.16219099851718036,1.1110448966279345,0.043628587847610714,0.6903309991236867,0.02710796111048514,0.5217089460452398,0.01785337006765548
round2_test_small,film_panel_gated_mean_aux,film_panel_gated_mean_aux_hard_top1,3,5000,0.4112441970099074,0.0013408504683796708,3.5553839051162957,0.035575032573434674,0.07789527481154847,0.0013408504683797185,0.5193333333333333,0.15825704828958911,1.1219415156044992,0.05012180116002179,0.6971014423568715,0.031142426188698353,0.521550623998046,0.0238082508352227
round2_test_small,film_mean_patch_aux,film_mean_patch_aux_hard_top1,3,5000,0.4115766343240315,0.0005172646271663268,3.567901558330511,0.022591512815499714,0.07822771212567263,0.0005172646271663322,0.5186666666666667,0.16113998055520962,1.0869359855085974,0.03766259469353266,0.6753512865636392,0.02340108489552316,0.5490780872642994,0.012821048656714512
