sample_set,variant,method,seed_count,sample_count_per_seed,MAE_mean,MAE_std,MSE_mean,MSE_std,regret_to_oracle_mean,regret_to_oracle_std,oracle_label_accuracy_mean,oracle_label_accuracy_std,weight_entropy_mean,weight_entropy_std,normalized_weight_entropy_mean,normalized_weight_entropy_std,mean_max_weight_mean,mean_max_weight_std
staged_test,spatial_panel_3view,spatial_panel_3view_raw_soft_fusion,1,512,0.2323225302871492,0.0,0.7680802987533186,0.0,0.0372083692331273,0.0,0.64453125,0.0,1.0438769537304324,0.0,0.6485972100526851,0.0,0.5449452015454881,0.0
staged_test,current_rgb_3view,current_rgb_3view_raw_soft_fusion,1,512,0.2395092404184424,0.0,0.7720245658990206,0.0,0.0443950793644205,0.0,0.59375,0.0,1.1158980299114774,0.0,0.6933464123976592,0.0,0.4856228278949857,0.0
staged_test,spatial_panel_3view,spatial_panel_3view_hard_top1,1,512,0.2417655946775312,0.0,0.8022346603157609,0.0,0.0466514336235093,0.0,0.64453125,0.0,1.0438769537304324,0.0,0.6485972100526851,0.0,0.5449452015454881,0.0
staged_test,current_rgb_3view,current_rgb_3view_hard_top1,1,512,0.2561132091804268,0.0,0.804298446564925,0.0,0.0609990481264049,0.0,0.59375,0.0,1.1158980299114774,0.0,0.6933464123976592,0.0,0.4856228278949857,0.0
