sample_set,variant,method,seed_count,sample_count_per_seed,MAE_mean,MAE_std,MSE_mean,MSE_std,regret_to_oracle_mean,regret_to_oracle_std,oracle_label_accuracy_mean,oracle_label_accuracy_std,weight_entropy_mean,weight_entropy_std,normalized_weight_entropy_mean,normalized_weight_entropy_std,mean_max_weight_mean,mean_max_weight_std
staged_diagnostic,current_rgb_3view,current_rgb_3view_raw_soft_fusion,1,512,0.0598775920145726,0.0,0.0202217265460507,0.0,0.0029845957099041,0.0,0.833984375,0.0,1.2850268993061036,0.0,0.7984320810064673,0.0,0.4262139847269282,0.0
staged_diagnostic,spatial_panel_3view,spatial_panel_3view_raw_soft_fusion,1,512,0.0620401519272491,0.0,0.0214296702032624,0.0,0.0051471556225806,0.0,0.828125,0.0,1.183997732819989,0.0,0.7356591480784118,0.0,0.4825751151074655,0.0
staged_diagnostic,current_rgb_3view,current_rgb_3view_hard_top1,1,512,0.0656325396994361,0.0,0.02292965540164,0.0,0.0087395433947676,0.0,0.833984375,0.0,1.2850268993061036,0.0,0.7984320810064673,0.0,0.4262139847269282,0.0
staged_diagnostic,spatial_panel_3view,spatial_panel_3view_hard_top1,1,512,0.0661434504727367,0.0,0.023884080339485,0.0,0.0092504541680682,0.0,0.828125,0.0,1.183997732819989,0.0,0.7356591480784118,0.0,0.4825751151074655,0.0
