sample_set,layout_name,seed,sample_count,entropy,mean_max_weight,raw_soft_vs_hard_top1_MAE_gap,selected_ratio_DLinear,selected_ratio_PatchTST,selected_ratio_CrossFormer,selected_ratio_ES,selected_ratio_NaiveForecaster
staged_diagnostic,spatial_panel_3view,16,512,1.1839977328199893,0.48257511510746554,-0.004103298545487674,0.32421875,0.03125,0.0,0.64453125,0.0
staged_selection,spatial_panel_3view,16,512,0.7188897318555973,0.6985452938824892,-0.004567579022932505,0.654296875,0.03515625,0.0,0.310546875,0.0
staged_test,spatial_panel_3view,16,512,1.0438769537304324,0.5449452015454881,-0.009443064390382033,0.392578125,0.2734375,0.0,0.333984375,0.0
staged_diagnostic,current_rgb_3view,16,512,1.2850268993061036,0.4262139847269282,-0.005754947684863523,0.3203125,0.0234375,0.01171875,0.64453125,0.0
staged_selection,current_rgb_3view,16,512,0.7829076767957304,0.6685506699723192,-0.0022939961119163854,0.65625,0.0234375,0.009765625,0.310546875,0.0
staged_test,current_rgb_3view,16,512,1.1158980299114774,0.4856228278949857,-0.016603968761984333,0.33984375,0.27734375,0.0546875,0.322265625,0.005859375
