sample_set,variant,method,seed_count,sample_count_per_seed,MAE_mean,MAE_std,MSE_mean,MSE_std,regret_to_oracle_mean,regret_to_oracle_std,oracle_label_accuracy_mean,oracle_label_accuracy_std,weight_entropy_mean,weight_entropy_std,normalized_weight_entropy_mean,normalized_weight_entropy_std,mean_max_weight_mean,mean_max_weight_std
pilot_selection,cls_mean_concat_plus_aux,cls_mean_concat_plus_aux_raw_soft_fusion,3,30000,0.30060530132309454,0.0012871844977341014,1.2054006292747939,0.05804645580123445,0.03387409769103593,0.0012871844977341178,0.4679111111111111,0.14655791548938116,1.1181368419219009,0.01679310031814131,0.6947374665111022,0.010434139118792398,0.5131478660404682,0.006964428890328073
pilot_selection,mean_patch_plus_aux,mean_patch_plus_aux_raw_soft_fusion,3,30000,0.30083134347565826,0.00054771229354184,1.2399377942385865,0.18261902527985022,0.03410013984359964,0.0005477122935418008,0.4681333333333333,0.1488602476597877,1.1235567863358626,0.017388962746395613,0.6981050738230037,0.010804369683660258,0.5108146832679709,0.010831384628914024
pilot_selection,mean_patch_plus_aux,mean_patch_plus_aux_hard_top1,3,30000,0.31814807092096714,0.000756216334235965,1.3069142364192332,0.19618259080848194,0.05141686728890852,0.0007562163342359485,0.4681333333333333,0.1488602476597877,1.1235567863358626,0.017388962746395613,0.6981050738230037,0.010804369683660258,0.5108146832679709,0.010831384628914024
pilot_selection,cls_mean_concat_plus_aux,cls_mean_concat_plus_aux_hard_top1,3,30000,0.31875087896104676,0.0015851461021194474,1.3393812127952724,0.16111871635354216,0.05201967532898812,0.0015851461021194647,0.4679111111111111,0.14655791548938116,1.1181368419219009,0.01679310031814131,0.6947374665111022,0.010434139118792398,0.5131478660404682,0.006964428890328073
