variant,visual_input_mode,visual_dim,seed_count,sample_set,method_kind,method,sample_count_per_seed,MAE_mean,MAE_std,MSE_mean,MSE_std,regret_to_oracle_mean,regret_to_oracle_std,oracle_label_accuracy_mean,oracle_label_accuracy_std,weight_entropy_mean,weight_entropy_std,normalized_weight_entropy_mean,normalized_weight_entropy_std,mean_max_weight_mean,mean_max_weight_std
spatial_panel_3view,mean_patch,768,1,staged_test,raw_soft_fusion,spatial_panel_3view_raw_soft_fusion,262144,0.4128115751322085,0.0,175.72004332811815,0.0,0.0716936833762041,0.0,0.3344612121582031,0.0,1.1357385920651168,0.0,0.705674050853865,0.0,0.50517619962352,0.0
current_rgb_3view,mean_patch,768,1,staged_test,raw_soft_fusion,current_rgb_3view_raw_soft_fusion,262144,0.4208501357718179,0.0,175.64270108482327,0.0,0.0797322440158135,0.0,0.3230552673339844,0.0,1.124793997149833,0.0,0.6988737863924257,0.0,0.5126848581891181,0.0
spatial_panel_3view,mean_patch,768,1,staged_test,hard_top1,spatial_panel_3view_hard_top1,262144,0.4276299487060525,0.0,175.8899882919069,0.0,0.086512056950048,0.0,0.3344612121582031,0.0,1.1357385920651168,0.0,0.705674050853865,0.0,0.50517619962352,0.0
current_rgb_3view,mean_patch,768,1,staged_test,hard_top1,current_rgb_3view_hard_top1,262144,0.435679904279532,0.0,175.7467242033194,0.0,0.0945620125235275,0.0,0.3230552673339844,0.0,1.124793997149833,0.0,0.6988737863924257,0.0,0.5126848581891181,0.0
